index,id,eventType,teamId,playerId,playerName,x,y,min,minAdded,isBlocked,isOnTarget,blockedX,blockedY,goalCrossedY,goalCrossedZ,expectedGoals,expectedGoalsOnTarget,shotType,situation,period,isOwnGoal,firstName,lastName,teamColor,shortName,matchId,onGoalShot_X,onGoalShot_Y,onGoalShot_ZR
0,2467228275,AttemptSaved,8650,950561,Darwin Nunez,92.5,25.53375,3,,0,1,101.0172413796,31.4075,32.24625,1.5859999922,0.165956050157547,0.1373,RightFoot,RegularPlay,FirstHalf,0,Darwin,Nunez,#d3171e,,4010125,1.4639550264550256,0.4195767175132275,1
1,2467229185,AttemptSaved,8650,570461,Diogo Jota,95.5438581755607,32.55124883651733,3,,1,1,97.6666666661,32.9325,34.1525,1.2199999940000001,0.01679062843322754,,Header,FromCorner,FirstHalf,0,Diogo,Jota,#d3171e,,4010125,0.9596560846560838,0.32275132116402117,1
2,2467235279,Goal,8650,760712,Trent Alexander-Arnold,77.07912277826887,39.545001283464885,7,,0,1,,,37.355000000000004,1.6245263078,0.039499759674072266,0.5062,RightFoot,FreeKick,FirstHalf,0,Trent,Alexander-Arnold,#d3171e,,4010125,0.11243386243386144,0.42976886449735446,1
3,2467241929,Miss,8650,860914,Luis Diaz,86.13823856975176,35.677500581741334,12,,0,0,,,28.370952380000002,3.8547586247999996,0.06595519185066223,,RightFoot,RegularPlay,FirstHalf,0,Luis,Diaz,#d3171e,,4010125,1.988976334416427,0.6772486772486772,0.6641142154867928
4,2467246283,AttemptSaved,8650,292462,Mohamed Salah,90,17.763567415343566,15,,0,1,102.3448275864,31.78875,35.9825,0.4879999976,0.06102588772773743,0.1648,LeftFoot,RegularPlay,FirstHalf,0,Mohamed,Salah,#d3171e,,4010125,0.47552910052910013,0.12910052846560846,1
7,2467257755,AttemptSaved,8650,760712,Trent Alexander-Arnold,89.30000305175781,17.553375530628216,23,,1,1,92.8,20.7763057357,35.83,0.5329473658000001,0.029804587364196777,,RightFoot,RegularPlay,FirstHalf,0,Trent,Alexander-Arnold,#d3171e,,4010125,0.5158730158730164,0.14099136661375664,1
8,2467263247,Miss,8650,209405,Virgil van Dijk,100.54310634250827,35.98249883651734,28,,0,0,,,22.808152870399997,0.6228421022,0.23095694184303284,,Header,FromCorner,FirstHalf,0,Virgil,van Dijk,#d3171e,,4010125,2,0.05565141258521284,0.3377458569821527
9,2467264531,Miss,8650,209405,Virgil van Dijk,95.5438581755607,33.46624941825866,29,,0,0,102.06034482780001,14.610700637299999,8.2646445546,0.44305262940000006,0.056215912103652954,,Header,FromCorner,FirstHalf,0,Virgil,van Dijk,#d3171e,,4010125,2,0.017215718288405932,0.14687964998267183
10,2467270453,AttemptSaved,8650,950561,Darwin Nunez,96.4122807008,44.351083867087134,34,,0,1,103.4827586208,36.51625,34.7625,0.8539999958000001,0.12351533770561218,0.0286,RightFoot,RegularPlay,FirstHalf,0,Darwin,Nunez,#d3171e,,4010125,0.7982804232804226,0.22592592481481483,1
11,2467271539,AttemptSaved,8650,860914,Luis Diaz,92.0999984741211,44.281021241874264,35,,0,1,102.629310345,35.75375,33.161249999999995,0.160526315,0.05051392316818237,0.0647,RightFoot,RegularPlay,FirstHalf,0,Luis,Diaz,#d3171e,,4010125,1.2218915343915355,0.042467279100529096,1
12,2467275639,AttemptSaved,8650,950561,Darwin Nunez,97.8596491223,23.789044056056433,41,,0,1,101.206896552,29.799761903000004,32.551249999999996,0.4879999976,0.33851590752601624,0.4709,RightFoot,RegularPlay,FirstHalf,0,Darwin,Nunez,#d3171e,,4010125,1.3832671957671967,0.12910052846560846,1
13,2467277847,AttemptSaved,8650,950561,Darwin Nunez,86.13823856975176,33.92375116348266,43,,0,1,100.6379310348,33.8475,35.90625,0.7705263120000001,0.1577281653881073,0.0891,LeftFoot,RegularPlay,FirstHalf,0,Darwin,Nunez,#d3171e,,4010125,0.49570105820105825,0.2038429396825397,1
14,2467278257,Miss,8650,172949,Thiago Alc치ntara,83.49854540806557,31.026248836517333,44,,0,0,,,41.425625,6.1488275976,0.04156839847564697,,RightFoot,RegularPlay,FirstHalf,0,Thiago,Alc치ntara,#d3171e,Thiago,4010125,0.18212136717614025,0.6772486772486772,0.41633953129523665
15,2467295585,AttemptSaved,8650,671529,Konstantinos Tsimikas,98.5350847743214,45.68229512787427,49,,1,1,99.4035087719,44.2810191037,35.0675,0.44305262940000006,0.04622817039489746,,LeftFoot,RegularPlay,SecondHalf,0,Konstantinos,Tsimikas,#d3171e,,4010125,0.7175925925925919,0.11720969031746033,1
16,2467297057,Miss,8650,950561,Darwin Nunez,85.49411437024823,47.71413798622574,50,,0,0,,,29.967857141,4.7063448344,0.034678250551223755,,RightFoot,RegularPlay,SecondHalf,0,Darwin,Nunez,#d3171e,,4010125,1.580230202805271,0.6772486772486772,0.5439465423970294
17,2467300061,Goal,8650,292462,Mohamed Salah,94,34,53,,0,1,,,34.07625,0.7705263120000001,0.7884,0.7938,LeftFoot,Penalty,SecondHalf,0,Mohamed,Salah,#d3171e,,4010125,0.9798280423280419,0.2038429396825397,1
18,2467301429,AttemptSaved,8650,292462,Mohamed Salah,95.06140203506071,25.53375,55,,1,1,96.79824561320001,27.026190476,35.83,1.2199999940000001,0.09174472093582153,,LeftFoot,RegularPlay,SecondHalf,0,Mohamed,Salah,#d3171e,,4010125,0.5158730158730164,0.32275132116402117,1
19,2467306381,AttemptSaved,8650,570461,Diogo Jota,92.69999694824219,42.870937941074374,59,,0,1,102.4396551726,36.745000000000005,35.75375,1.6630526234,0.12977123260498047,0.1387,LeftFoot,RegularPlay,SecondHalf,0,Diogo,Jota,#d3171e,,4010125,0.5360449735449745,0.4399610114814815,1
20,2467306961,Miss,8650,292462,Mohamed Salah,86.24558987287588,20.005604831128217,60,,0,0,,,37.27875,5.1842758704000005,0.025188475847244263,,LeftFoot,FromCorner,SecondHalf,0,Mohamed,Salah,#d3171e,,4010125,0.571679988480672,0.6772486772486772,0.4938008825140857
22,2467315691,Miss,8650,860914,Luis Diaz,92.30000305175781,43.230063154656435,68,,0,0,,,23.438726119099996,1.6951578864,0.09221458435058594,,RightFoot,RegularPlay,SecondHalf,0,Luis,Diaz,#d3171e,,4010125,2,0.16050695261919892,0.3579113696536273
23,2467324155,AttemptSaved,8650,950561,Darwin Nunez,88.80000305175781,34.22874941825867,78,,1,1,90,34.38125,31.865,0.802631575,0.16991296410560608,,RightFoot,RegularPlay,SecondHalf,0,Darwin,Nunez,#d3171e,,4010125,1.5648148148148162,0.2123363955026455,1
24,2467329067,Miss,8650,171698,Joel Matip,96.4122807008,34.22874941825867,84,,0,0,,,29.211428570000002,0.8925263114,0.06869661808013916,,Header,FromCorner,SecondHalf,0,Joel,Matip,#d3171e,,4010125,2,0.18638675948496825,0.7893794747048395
28,2467333041,AttemptSaved,8650,292462,Mohamed Salah,90.9000015258789,25.8228125,90,1,0,1,100.732758621,33.00875,35.3725,0.6485263126,0.10590171813964844,0.0934,LeftFoot,FastBreak,SecondHalf,0,Mohamed,Salah,#d3171e,,4010125,0.6369047619047613,0.17156780756613757,1
2,2465561639,AttemptSaved,8650,242709,Roberto Firmino,92,36.82125058174134,12,,1,1,95.2543859636,36.51625,35.448750000000004,1.2199999940000001,0.10606282949447632,,RightFoot,RegularPlay,FirstHalf,0,Roberto,Firmino,#d3171e,,3901018,0.6167328042328032,0.32275132116402117,1
4,2465566307,AttemptSaved,8650,292462,Mohamed Salah,91.69999694824219,17.413248943843566,14,,0,1,104.051724138,32.24625,36.8975,0.160526315,0.04227173328399658,0.5217,LeftFoot,RegularPlay,FirstHalf,0,Mohamed,Salah,#d3171e,,3901018,0.23346560846560827,0.042467279100529096,1
6,2465582887,Miss,8650,760712,Trent Alexander-Arnold,82.03446430153443,44.00076539558714,21,,0,0,,,20.145732487,1.8749473592,0.025389939546585083,,RightFoot,SetPiece,FirstHalf,0,Trent,Alexander-Arnold,#d3171e,,3901018,2,0.13533356111686629,0.2728401192234147
7,2465594343,AttemptSaved,8650,292462,Mohamed Salah,88.9000015258789,25.01343661785126,26,,1,1,97.8596491223,30.267999999999997,34.533750000000005,1.2199999940000001,0.031284987926483154,,LeftFoot,FromCorner,FirstHalf,0,Mohamed,Salah,#d3171e,,3901018,0.8587962962962951,0.32275132116402117,1
8,2465603353,AttemptSaved,8650,292462,Mohamed Salah,98.3421052628,27.02619175846489,31,,0,1,102.629310345,31.254999999999995,34,0.6099999970000001,0.26318585872650146,0.1713,RightFoot,RegularPlay,FirstHalf,0,Mohamed,Salah,#d3171e,,3901018,1,0.16137566058201058,1
9,2465613837,Miss,8650,292462,Mohamed Salah,92,37.35500116348267,33,,0,0,95.2543859636,31.941249999999997,0.19677725129999998,0.0898947364,0.176739901304245,,LeftFoot,RegularPlay,FirstHalf,0,Mohamed,Salah,#d3171e,,3901018,2,0.002659354022789356,0.11182365740986551
10,2465614439,Goal,8650,242709,Roberto Firmino,95.3508786640393,28.118810164232446,33,,0,1,,,33.695,1.0594736790000001,0.054957032203674316,0.1634,RightFoot,RegularPlay,FirstHalf,0,Roberto,Firmino,#d3171e,,3901018,1.0806878306878307,0.28028404206349206,1
11,2465617341,Miss,8650,292462,Mohamed Salah,80.00728499133112,28.959286354232447,37,,0,0,,,44.000764326500004,4.5846896616,0.04760849475860596,,LeftFoot,RegularPlay,FirstHalf,0,Mohamed,Salah,#d3171e,,3901018,0.00000000000000011102230246251565,0.45843392684012146,0.37797111066638817
12,2465623297,Miss,8650,760712,Trent Alexander-Arnold,89.9000015258789,21.68713322705643,39,,0,0,104.3362068966,27.026190476,27.362380952,0.0898947364,0.0288659930229187,,RightFoot,RegularPlay,FirstHalf,0,Trent,Alexander-Arnold,#d3171e,,3901018,2,0.013543220204402417,0.5694813113956819
13,2465664759,AttemptSaved,8650,209405,Virgil van Dijk,96.1228040718214,32.856249999999996,46,,0,1,104.4310344828,33.8475,32.70374999999999,0.2439999988,0.07540583610534668,0.0837,Header,FromCorner,SecondHalf,0,Virgil,van Dijk,#d3171e,,3901018,1.3429232804232825,0.06455026423280423,1
14,2465682827,Goal,8650,242709,Roberto Firmino,95.4473684198,35.98249883651734,54,,0,1,,,31.48375,0.5714736814000001,0.28520214557647705,0.9551,LeftFoot,FastBreak,SecondHalf,0,Roberto,Firmino,#d3171e,,3901018,1.665674603174603,0.15118351359788362,1
15,2465690443,AttemptSaved,8650,242709,Roberto Firmino,97.9561388780607,38.03214157653511,57,,0,1,103.4827586208,34.533750000000005,34.22875,1.0979999946,0.17078855633735657,0.0901,Header,RegularPlay,SecondHalf,0,Roberto,Firmino,#d3171e,,3901018,0.9394841269841275,0.29047618904761907,1
18,2465733415,Miss,8650,963964,Harvey Elliott,94,45.4721019068,77,,0,0,98.535087719,35.90625,26.227500000000003,0.7127368386,0.039166659116744995,,LeftFoot,FromCorner,SecondHalf,0,Harvey,Elliott,#d3171e,,3901018,2,0.09169981841106473,0.48633000964940537
20,2465764651,AttemptSaved,8650,760712,Trent Alexander-Arnold,75.27718274953443,32.09375,90,1,0,1,103.6724137932,33.466249999999995,36.97375,0.4879999976,0.031974226236343384,0.3199,RightFoot,FreeKick,SecondHalf,0,Trent,Alexander-Arnold,#d3171e,,3901018,0.21329365079365015,0.12910052846560846,1
21,2465767187,Miss,8650,950561,Darwin Nunez,95.2543889082786,31.026248836517333,90,3,0,0,,,34.4575,3.9764137976,0.09248813986778259,,Header,RegularPlay,SecondHalf,0,Darwin,Nunez,#d3171e,,3901018,0.9220802246415403,0.6772486772486772,0.6437961767321879
1,2469799941,AttemptSaved,8650,950561,Darwin Nunez,85.81617647,21.196688168771782,6,,1,1,89.5,23.438726119099996,33.8475,1.2199999940000001,0.10151240229606628,,RightFoot,RegularPlay,FirstHalf,0,Darwin,Nunez,#d3171e,,3901022,1.0403439153439162,0.32275132116402117,1
2,2469807029,Miss,8650,209405,Virgil van Dijk,92.4000015258789,36.2875,12,,0,0,,,30.72125,5.305931043199999,0.014045178890228271,,Header,FromCorner,FirstHalf,0,Virgil,van Dijk,#d3171e,,3901022,1.4184994268583453,0.6772486772486772,0.48247894274480957
3,2469819453,AttemptSaved,8650,950561,Darwin Nunez,95.3508786640393,18.464204358343565,26,,0,1,103.103448276,30.291999999999998,33.5425,0.8925263114,0.02872854471206665,0.0201,RightFoot,RegularPlay,FirstHalf,0,Darwin,Nunez,#d3171e,,3901022,1.121031746031747,0.2361180717989418,1
5,2469823521,Miss,8650,292462,Mohamed Salah,93.0999984741211,17.6234394922,32,,0,0,,,28.959285713000003,0.5329473658000001,0.05841514468193054,,LeftFoot,RegularPlay,FirstHalf,0,Mohamed,Salah,#d3171e,,3901022,2,0.10572854072972776,0.7498937223537185
6,2469825747,Goal,8650,950561,Darwin Nunez,97.47368273756071,31.7125,34,,0,1,,,33.466249999999995,1.0145263108,0.46570301055908203,0.3026,RightFoot,RegularPlay,FirstHalf,0,Darwin,Nunez,#d3171e,,3901022,1.141203703703705,0.2683932039153439,1
11,2469863493,Goal,8650,242709,Roberto Firmino,93.30000305175781,43.44025370301287,53,,0,1,,,30.95,0.1219999994,0.3437691032886505,0.6219,LeftFoot,RegularPlay,SecondHalf,0,Roberto,Firmino,#d3171e,,3901022,1.806878306878306,0.032275132116402115,1
17,2469897937,AttemptSaved,8650,156008,Jordan Henderson,87.21176798175176,43.10218661785126,90,8,1,1,92.3,39.881190477,30.72125,1.2199999940000001,0.07181116938591003,,RightFoot,RegularPlay,SecondHalf,0,Jordan,Henderson,#d3171e,,3901022,1.8673941798941804,0.32275132116402117,1
18,2469897963,AttemptSaved,8650,963964,Harvey Elliott,81.24611822406555,40.80571556846489,90,8,1,1,92.7,37.732,34.533750000000005,1.2199999940000001,0.045770078897476196,,LeftFoot,RegularPlay,SecondHalf,0,Harvey,Elliott,#d3171e,,3901022,0.8587962962962951,0.32275132116402117,1
4,2471058699,Miss,8650,963965,Fabio Carvalho,82.03446430153443,35.677500581741334,22,,0,0,,,27.698571428000005,0.2696842092,0.036442309617996216,,RightFoot,RegularPlay,FirstHalf,0,Fabio,Carvalho,#d3171e,,4010127,2,0.04279731272339182,0.5998639763681837
5,2471059039,AttemptSaved,8650,963965,Fabio Carvalho,78.65582352553443,34.30500116348267,23,,1,1,86.5676470584,33.8475,32.70374999999999,1.2199999940000001,0.042873650789260864,,RightFoot,RegularPlay,FirstHalf,0,Fabio,Carvalho,#d3171e,,4010127,1.3429232804232825,0.32275132116402117,1
6,2471059331,Goal,8650,242709,Roberto Firmino,100.732758621,29.463570785767555,24,,0,1,,,32.09375,1.7079999916000002,0.21229735016822815,0.6222,Header,FromCorner,FirstHalf,0,Roberto,Firmino,#d3171e,,4010127,1.5042989417989419,0.45185184962962965,1
9,2471070817,AttemptSaved,8650,568571,Joseph Gomez,90.9000015258789,28.791190475,47,,1,1,93.5,29.967857141,34.1525,1.2199999940000001,0.11849188804626465,,LeftFoot,RegularPlay,SecondHalf,0,Joseph,Gomez,#d3171e,,4010127,0.9596560846560838,0.32275132116402117,1
10,2471070967,AttemptSaved,8650,963964,Harvey Elliott,92.30000305175781,24.489680999056432,48,,1,1,93.7,25.7071875,37.27875,1.2199999940000001,0.10065749287605286,,LeftFoot,RegularPlay,SecondHalf,0,Harvey,Elliott,#d3171e,,4010127,0.13260582010581956,0.32275132116402117,1
11,2471071545,Miss,8650,671529,Konstantinos Tsimikas,82.03446430153443,20.7763057357,49,,0,0,,,30.244,6.270482770400001,0.04022890329360962,,LeftFoot,FreeKick,SecondHalf,0,Konstantinos,Tsimikas,#d3171e,,4010127,1.4056698861774821,0.6772486772486772,0.4082620260252617
12,2471073177,AttemptSaved,8650,950561,Darwin Nunez,91.5,34.7625,53,,1,1,92.6,34.838750000000005,35.60125,1.2199999940000001,0.19381120800971985,,LeftFoot,RegularPlay,SecondHalf,0,Darwin,Nunez,#d3171e,,4010127,0.5763888888888888,0.32275132116402117,1
13,2471073507,Miss,8650,950561,Darwin Nunez,77.30437065206556,32.856249999999996,54,,0,0,,,28.118809523000003,5.427586216,0.03508824110031128,,RightFoot,RegularPlay,SecondHalf,0,Darwin,Nunez,#d3171e,,4010127,1.7338489547073765,0.6772486772486772,0.4716645481288473
14,2471073717,Goal,8650,242709,Roberto Firmino,96.70175732977859,36.2875,55,,0,1,,,35.9825,0.5265263132,0.25895971059799194,0.5959,LeftFoot,RegularPlay,SecondHalf,0,Roberto,Firmino,#d3171e,,4010127,0.47552910052910013,0.13929267544973545,1
15,2471075651,AttemptSaved,8650,963964,Harvey Elliott,84.7373786408,18.183948512056432,60,,0,1,104.051724138,33.61875,32.24625,0.40452631380000004,0.028768032789230347,0.0686,LeftFoot,RegularPlay,SecondHalf,0,Harvey,Elliott,#d3171e,,4010127,1.4639550264550256,0.10701754333333334,1
16,2471075807,AttemptSaved,8650,950561,Darwin Nunez,94.38596638303929,46.803313167587135,60,,1,1,95.73684210409999,45.542165601099995,37.355000000000004,1.2199999940000001,0.0385667085647583,,RightFoot,RegularPlay,SecondHalf,0,Darwin,Nunez,#d3171e,,4010127,0.11243386243386144,0.32275132116402117,1
17,2471077931,Goal,8650,950561,Darwin Nunez,89.5999984741211,42.63968705892563,66,,0,1,,,31.026249999999997,0.1219999994,0.1910191774368286,0.7961,RightFoot,RegularPlay,SecondHalf,0,Darwin,Nunez,#d3171e,,4010127,1.7867063492063497,0.032275132116402115,1
18,2471079507,AttemptSaved,8650,292462,Mohamed Salah,91.5,37.69599981689453,71,,0,1,96.2192982446,36.8975,35.448750000000004,0.3659999982,0.32078105211257935,0.6456,LeftFoot,RegularPlay,SecondHalf,0,Mohamed,Salah,#d3171e,,4010127,0.6167328042328032,0.09682539634920634,1
19,2471079841,Miss,8650,963964,Harvey Elliott,92.4000015258789,23.018344487843564,72,,0,0,,,50.586751590700004,0.6228421022,0.07455435395240784,,LeftFoot,RegularPlay,SecondHalf,0,Harvey,Elliott,#d3171e,,4010127,0,0.03755057756753409,0.2278927238603731
20,2471080699,AttemptSaved,8650,963965,Fabio Carvalho,90.30000305175781,45.331976656374266,74,,1,1,92.7,43.650445855,34.838750000000005,1.2199999940000001,0.046636730432510376,,RightFoot,RegularPlay,SecondHalf,0,Fabio,Carvalho,#d3171e,,4010127,0.7781084656084645,0.32275132116402117,1
21,2471080765,Miss,8650,963964,Harvey Elliott,80.90825070953443,19.024713378199998,75,,0,0,,,34.68625,4.341379316,0.028778761625289917,,LeftFoot,RegularPlay,SecondHalf,0,Harvey,Elliott,#d3171e,,4010127,0.8929460268424273,0.6772486772486772,0.5896743439499079
22,2471081019,Goal,8650,292462,Mohamed Salah,101.11207041275414,22.878216564699997,75,,0,1,,,36.745000000000005,0.3659999982,0.10450485348701477,0.5454,LeftFoot,RegularPlay,SecondHalf,0,Mohamed,Salah,#d3171e,,4010127,0.2738095238095226,0.09682539634920634,1
23,2471082673,Goal,8650,292462,Mohamed Salah,89.80000305175781,25.186875882148744,80,,0,1,,,32.0175,0.6934736808,0.09865742921829224,0.0804,LeftFoot,RegularPlay,SecondHalf,0,Mohamed,Salah,#d3171e,,4010127,1.5244708994709,0.18345864571428572,1
24,2471083259,Goal,8650,292462,Mohamed Salah,91.0999984741211,24.839999470556435,81,,0,1,,,37.431250000000006,0.7319999964,0.06895092129707336,0.4771,LeftFoot,RegularPlay,SecondHalf,0,Mohamed,Salah,#d3171e,,4010127,0.09226190476190332,0.19365079269841268,1
25,2471085781,Goal,8650,963964,Harvey Elliott,98.05262863382141,26.516562941074373,87,,0,1,,,35.83,0.6934736808,0.20063188672065735,0.5844,RightFoot,RegularPlay,SecondHalf,0,Harvey,Elliott,#d3171e,,4010127,0.5158730158730164,0.18345864571428572,1
3,2473075591,AttemptSaved,8650,570461,Diogo Jota,97.8596491223,29.463570785767555,21,,0,1,104.051724138,32.3225,33.00875,0.0834736838,0.11224767565727234,0.0682,Header,FromCorner,FirstHalf,0,Diogo,Jota,#d3171e,,3901037,1.26223544973545,0.02208298513227513,1
4,2473077667,Miss,8650,357880,Andrew Robertson,92.5,45.402039281587136,24,,0,0,,,30.256,5.305931043199999,0.09020346403121948,,LeftFoot,RegularPlay,FirstHalf,0,Andrew,Robertson,#d3171e,,3901037,1.477883905194859,0.6772486772486772,0.48247894274480957
8,2473089369,AttemptSaved,8650,963964,Harvey Elliott,85.60147386375178,22.668026016343568,38,,1,1,93,26.516562500000003,34.1525,1.2199999940000001,0.03127950429916382,,LeftFoot,FromCorner,FirstHalf,0,Harvey,Elliott,#d3171e,,3901037,0.9596560846560838,0.32275132116402117,1
11,2473118167,Miss,8650,292462,Mohamed Salah,90.69999694824219,32.62750058174133,50,,0,0,,,38.452380954,0.2696842092,0.4835550785064697,,LeftFoot,FastBreak,SecondHalf,0,Mohamed,Salah,#d3171e,,3901037,0,0.06057078493198498,0.8489839569105302
14,2473130161,AttemptSaved,8650,963964,Harvey Elliott,96.60526021232141,23.018344487843564,61,,1,1,98.0526315785,24.4896815336,31.559999999999995,1.2199999940000001,0.05386313796043396,,RightFoot,RegularPlay,SecondHalf,0,Harvey,Elliott,#d3171e,,3901037,1.6455026455026467,0.32275132116402117,1
19,2473136621,Miss,8650,292462,Mohamed Salah,91.0999984741211,23.789044056056433,69,,0,0,,,41.141904761999996,0.3595789456,0.07757121324539185,,LeftFoot,RegularPlay,SecondHalf,0,Mohamed,Salah,#d3171e,,3901037,-0.0000000000000002220446049250313,0.05034776541871789,0.5292705694021971
20,2473140513,Goal,8650,292462,Mohamed Salah,87.64117319424822,35.219998836517334,76,,0,1,,,36.21125,0.44947368200000004,0.29878705739974976,0.6679,LeftFoot,FastBreak,SecondHalf,0,Mohamed,Salah,#d3171e,,3901037,0.41501322751322767,0.11890838148148149,1
21,2473141999,Miss,8650,950561,Darwin Nunez,79.1063106808,34.686251163482666,78,,0,0,,,26.4009375,0.6228421022,0.05116629600524902,,RightFoot,FastBreak,SecondHalf,0,Darwin,Nunez,#d3171e,,3901037,2,0.08196301875395812,0.4974297816342475
22,2473143263,Miss,8650,38807,James Milner,90.69999694824219,24.209427825487133,79,,0,0,94.7719298231,31.4075,45.2619108239,0.6228421022,0.037445783615112305,,RightFoot,SetPiece,SecondHalf,0,James,Milner,#d3171e,,3901037,0,0.05530518860779877,0.33564463962705976
23,2473143301,Miss,8650,156008,Jordan Henderson,82.37233181606557,27.446429853464892,79,,0,0,,,37.27875,6.7571034616,0.03194764256477356,,RightFoot,SetPiece,SecondHalf,0,Jordan,Henderson,#d3171e,,3901037,0.671378555449363,0.6772486772486772,0.3788605597869332
25,2473150037,AttemptSaved,8650,950561,Darwin Nunez,84.84999828153444,44.351083867087134,87,,1,1,88.7,42.7553125,34.7625,1.2199999940000001,0.05030509829521179,,RightFoot,FastBreak,SecondHalf,0,Darwin,Nunez,#d3171e,,3901037,0.7982804232804226,0.32275132116402117,1
26,2473154569,Miss,8650,760712,Trent Alexander-Arnold,101.77586062224586,27.53047619,90,3,0,0,,,23.9291719792,1.5153684136,0.5190585255622864,,RightFoot,RegularPlay,SecondHalf,0,Trent,Alexander-Arnold,#d3171e,,3901037,2,0.15047108445007712,0.37534153022898376
27,2473156439,Miss,8650,950561,Darwin Nunez,93.4000015258789,46.102676224587135,90,6,0,0,101.4913793106,32.24625,21.4068789844,0.5329473658000001,0.23268812894821167,,RightFoot,RegularPlay,SecondHalf,0,Darwin,Nunez,#d3171e,,3901037,2,0.042320514917612545,0.3001638748104971
0,2474325055,Miss,8650,242709,Roberto Firmino,82.59757109753443,41.65687411785126,5,,0,0,,,41.483437499999994,0.2696842092,0.0367887020111084,,LeftFoot,RegularPlay,FirstHalf,0,Roberto,Firmino,#d3171e,,3901050,0,0.03603747732242038,0.5051154633148207
1,2474331929,AttemptSaved,8650,950561,Darwin Nunez,88.5999984741211,47.99439383251287,15,,0,1,103.103448276,36.51625,35.3725,1.7850526228,0.03636890649795532,0.1165,LeftFoot,RegularPlay,FirstHalf,0,Darwin,Nunez,#d3171e,,3901050,0.6369047619047613,0.4722361435978836,1
2,2474334633,AttemptSaved,8650,172949,Thiago Alc치ntara,75.27718274953443,29.127382233464893,17,,1,1,88.1779411764,31.941249999999997,36.97375,1.2199999940000001,0.02765527367591858,,RightFoot,RegularPlay,FirstHalf,0,Thiago,Alc치ntara,#d3171e,Thiago,3901050,0.21329365079365015,0.32275132116402117,1
3,2474339545,Goal,8650,950561,Darwin Nunez,95.4473684198,35.677500581741334,22,,0,1,,,30.797499999999996,1.5859999922,0.07006525993347168,0.5513,Header,RegularPlay,FirstHalf,0,Darwin,Nunez,#d3171e,,3901050,1.8472222222222223,0.4195767175132275,1
4,2474341493,AttemptSaved,8650,950561,Darwin Nunez,92,43.650446924087134,23,,0,1,103.2931034484,34.99125,36.2875,1.3034736778000002,0.09893035888671875,0.3977,LeftFoot,RegularPlay,FirstHalf,0,Darwin,Nunez,#d3171e,,3901050,0.39484126984126955,0.34483430629629636,1
5,2474349853,AttemptSaved,8650,292462,Mohamed Salah,90,31.255001163482664,32,,1,1,94.2894736826,32.9325,37.2025,1.2199999940000001,0.09717366099357605,,LeftFoot,RegularPlay,FirstHalf,0,Mohamed,Salah,#d3171e,,3901050,0.15277777777777768,0.32275132116402117,1
6,2474353273,Miss,8650,292462,Mohamed Salah,91.4000015258789,29.631666665,35,,0,0,,,41.772499999999994,0.7127368386,0.10678654909133911,,LeftFoot,RegularPlay,FirstHalf,0,Mohamed,Salah,#d3171e,,3901050,0,0.09169981841106473,0.48633000964940537
7,2474354595,Miss,8650,292462,Mohamed Salah,81.80922502006557,16.362293529343564,36,,0,0,,,42.1771875,5.1842758704000005,0.026135742664337158,,LeftFoot,RegularPlay,FirstHalf,0,Mohamed,Salah,#d3171e,,3901050,0,0.6339925396598768,0.4622616272404172
8,2474356469,AttemptSaved,8650,292462,Mohamed Salah,88.07058659712412,24.349553075912866,38,,0,1,102.9137931036,32.6275,35.525000000000006,1.1814736784,0.030796349048614502,0.1146,LeftFoot,RegularPlay,FirstHalf,0,Mohamed,Salah,#d3171e,,3901050,0.5965608465608451,0.31255917417989415,1
9,2474358107,Post,8650,950561,Darwin Nunez,89.0999984741211,35.601248836517335,39,,0,0,,,37.732,1.3805263090000002,0.06616020202636719,,LeftFoot,RegularPlay,FirstHalf,0,Darwin,Nunez,#d3171e,,3901050,0.012698412698412986,0.3652186002645503,1
10,2474358163,Miss,8650,950561,Darwin Nunez,94,40.46952381,39,,0,0,,,22.387770704599998,0.1797894728,0.07525774836540222,,RightFoot,RegularPlay,FirstHalf,0,Darwin,Nunez,#d3171e,,3901050,2,0.015482769778858978,0.3255188908039723
14,2474380945,Miss,8650,156008,Jordan Henderson,82.93543861206557,32.856249999999996,47,,0,0,,,33.695,3.9764137976,0.04650402069091797,,RightFoot,RegularPlay,SecondHalf,0,Jordan,Henderson,#d3171e,,3901050,1.0519465169056395,0.6772486772486772,0.6437961767321879
15,2474386115,Miss,8650,950561,Darwin Nunez,95.2543889082786,46.24280147501287,56,,0,0,,,41.057857143,3.9764137976,0.11652293801307678,,LeftFoot,RegularPlay,SecondHalf,0,Darwin,Nunez,#d3171e,,3901050,0,0.5634024204561603,0.5355733225273642
16,2474390671,AttemptSaved,8650,242709,Roberto Firmino,94.38596638303929,27.698572069232448,63,,1,1,96.4122807008,28.875238094000004,33.00875,1.2199999940000001,0.05298373103141785,,RightFoot,RegularPlay,SecondHalf,0,Roberto,Firmino,#d3171e,,3901050,1.26223544973545,0.32275132116402117,1
17,2474391251,AttemptSaved,8650,963964,Harvey Elliott,86.9970571851241,19.024713378199998,64,,1,1,89.1,20.5661146528,33.161249999999995,1.2199999940000001,0.019268780946731567,,RightFoot,FromCorner,SecondHalf,0,Harvey,Elliott,#d3171e,,3901050,1.2218915343915355,0.32275132116402117,1
18,2474391491,AttemptSaved,8650,242709,Roberto Firmino,96.4122807008,30.64499883651733,64,,0,1,104.4310344828,33.61875,33.39,1.0979999946,0.08747819066047668,0.0323,Header,FromCorner,SecondHalf,0,Roberto,Firmino,#d3171e,,3901050,1.1613756613756612,0.29047618904761907,1
20,2474394027,Miss,8650,242709,Roberto Firmino,95.4473684198,23.368662959343567,67,,0,0,,,25.418125,2.7685517248,0.09522783756256104,,RightFoot,RegularPlay,SecondHalf,0,Roberto,Firmino,#d3171e,,3901050,2,0.322604526959435,0.440463185492681
22,2474399433,AttemptSaved,8650,933768,Curtis Jones,95.06140203506071,35.525000000000006,75,,1,1,96.4122807008,35.525000000000006,35.448750000000004,1.2199999940000001,0.06424492597579956,,LeftFoot,FromCorner,SecondHalf,0,Curtis,Jones,#d3171e,,3901050,0.6167328042328032,0.32275132116402117,1
23,2474399825,AttemptSaved,8650,242709,Roberto Firmino,101.39654883049172,33.77125058174133,75,,0,1,103.2931034484,34.305,33.8475,0.1219999994,0.37960565090179443,0.4684,RightFoot,FromCorner,SecondHalf,0,Roberto,Firmino,#d3171e,,3901050,1.0403439153439162,0.032275132116402115,1
25,2474408357,AttemptSaved,8650,292462,Mohamed Salah,94.38596638303929,22.45783546798713,84,,0,1,95.8333333322,23.5788535077,32.17,0.160526315,0.11048823595046997,0.8279,LeftFoot,FastBreak,SecondHalf,0,Mohamed,Salah,#d3171e,,3901050,1.4841269841269837,0.042467279100529096,1
28,2474411873,AttemptSaved,8650,156008,Jordan Henderson,85.17206046087588,23.2285350362,88,,1,1,91.1,26.6321875,34.533750000000005,1.2199999940000001,0.05535459518432617,,RightFoot,RegularPlay,SecondHalf,0,Jordan,Henderson,#d3171e,,3901050,0.8587962962962951,0.32275132116402117,1
29,2474416913,AttemptSaved,8650,292462,Mohamed Salah,93.5999984741211,42.63968705892563,90,3,1,1,95.15789473550001,41.772499999999994,34.915000000000006,1.2199999940000001,0.05733504891395569,,LeftFoot,RegularPlay,SecondHalf,0,Mohamed,Salah,#d3171e,,3901050,0.7579365079365064,0.32275132116402117,1
0,2475281709,AttemptSaved,8650,963965,Fabio Carvalho,100.06896841150827,39.545001283464885,9,,0,1,102.25000000019999,37.708,34.1525,0.1219999994,0.37972211837768555,0.2251,RightFoot,RegularPlay,FirstHalf,0,Fabio,Carvalho,#d3171e,,3901057,0.9596560846560838,0.032275132116402115,1
1,2475282835,Miss,8650,242709,Roberto Firmino,97.8596491223,34.07624883651734,10,,0,0,,,39.292857143999996,0.7127368386,0.12133792042732239,,Header,FromCorner,FirstHalf,0,Roberto,Firmino,#d3171e,,3901057,0.00000000000000011102230246251565,0.1346601314203164,0.7141700403316238
3,2475292067,AttemptSaved,8650,292462,Mohamed Salah,96.0263143160607,41.31,20,,1,1,97.3771929818,40.049285714999996,33.92375,1.2199999940000001,0.09906941652297974,,LeftFoot,RegularPlay,FirstHalf,0,Mohamed,Salah,#d3171e,,3901057,1.0201719576719581,0.32275132116402117,1
4,2475293623,Miss,8650,963965,Fabio Carvalho,96.60526021232141,31.40749883651733,23,,0,0,,,27.698571428000005,1.8749473592,0.03271397948265076,,Header,RegularPlay,FirstHalf,0,Fabio,Carvalho,#d3171e,,3901057,2,0.2975432217912003,0.5998639763681837
6,2475297037,AttemptSaved,8650,292462,Mohamed Salah,90.4000015258789,37.35500116348267,30,,0,1,103.2931034484,34.838750000000005,34.07625,0.2439999988,0.04879724979400635,0.0261,LeftFoot,RegularPlay,FirstHalf,0,Mohamed,Salah,#d3171e,,3901057,0.9798280423280419,0.06455026423280423,1
9,2475332059,Miss,8650,963965,Fabio Carvalho,98.5350847743214,39.545001283464885,50,,0,0,101.58620689680001,32.474999999999994,13.6432227568,0.44305262940000006,0.07075008749961853,,Header,RegularPlay,SecondHalf,0,Fabio,Carvalho,#d3171e,,3901057,2,0.021764379700524444,0.1856875454715051
10,2475334117,Miss,8650,963965,Fabio Carvalho,93.80000305175781,45.402039281587136,52,,0,0,,,25.013437500000002,3.4984827616,0.06322968006134033,,RightFoot,SetPiece,SecondHalf,0,Fabio,Carvalho,#d3171e,,3901057,2,0.38930155569496133,0.4206280210035819
13,2475339333,AttemptSaved,8650,963964,Harvey Elliott,94.6754356503214,23.2285350362,57,,0,1,104.1465517242,31.636249999999997,30.568749999999998,1.1365263102,0.05550825595855713,0.2714,RightFoot,RegularPlay,SecondHalf,0,Harvey,Elliott,#d3171e,,3901057,1.9077380952380967,0.30066833603174603,1
15,2475344417,Miss,8650,242709,Roberto Firmino,100.25862069,32.856249999999996,63,,0,0,,,26.2853125,2.7685517248,0.2190437614917755,,Header,FromCorner,SecondHalf,0,Roberto,Firmino,#d3171e,,3901057,2,0.3588676436731885,0.4899744804958078
17,2475348719,AttemptSaved,8650,933768,Curtis Jones,87.53382189112412,35.143750000000004,71,,0,1,104.051724138,34.38125,34.68625,0.2439999988,0.05241584777832031,0.041,RightFoot,RegularPlay,SecondHalf,0,Curtis,Jones,#d3171e,,3901057,0.8184523809523807,0.06455026423280423,1
19,2475358871,AttemptSaved,8650,760712,Trent Alexander-Arnold,98.8245614033,28.202856500767556,85,,0,1,104.4310344828,32.3225,31.865,1.3805263090000002,0.07172217965126038,0.1457,Header,RegularPlay,SecondHalf,0,Trent,Alexander-Arnold,#d3171e,,3901057,1.5648148148148162,0.3652186002645503,1
20,2475358907,Miss,8650,292462,Mohamed Salah,98.5350847743214,21.196688168771782,85,,0,0,,,25.938437500000003,2.2281052522,0.06825873255729675,,RightFoot,RegularPlay,SecondHalf,0,Mohamed,Salah,#d3171e,,3901057,2,0.27638627774702507,0.46889173159669767
22,2475364277,Miss,8650,209405,Virgil van Dijk,100.44827296849174,39.713093956535104,90,0,0,0,,,25.2446875,0.7127368386,0.07657012343406677,,LeftFoot,SetPiece,SecondHalf,0,Virgil,van Dijk,#d3171e,,3901057,2,0.08140621349609165,0.43173787343398645
23,2475366039,AttemptSaved,8650,209405,Virgil van Dijk,97.8596491223,34.99124941825867,90,2,0,1,104.81034482759999,34.99125,33.466249999999995,0.28252631440000003,0.16782146692276,0.0492,Header,FromCorner,SecondHalf,0,Virgil,van Dijk,#d3171e,,3901057,1.141203703703705,0.07474241121693122,1
24,2475368135,AttemptSaved,8650,292462,Mohamed Salah,98.5350847743214,36.592501163482666,90,5,0,1,104.81034482759999,35.3725,34.7625,2.1125263054,0.13340941071510315,0.2423,Header,ThrowInSetPiece,SecondHalf,0,Mohamed,Salah,#d3171e,,3901057,0.7982804232804226,0.5588693929629629,1
5,2477685515,AttemptSaved,8650,292462,Mohamed Salah,96.3157909450393,37.744,29,,1,1,97.8596491223,37.431250000000006,34,1.2199999940000001,0.07019814848899841,,LeftFoot,RegularPlay,FirstHalf,0,Mohamed,Salah,#d3171e,,4010129,1,0.32275132116402117,1
6,2477687413,Miss,8650,760712,Trent Alexander-Arnold,92.69999694824219,19.164841301343564,34,,0,0,96.605263157,29.043333332,43.720509549300004,0.9824210478000001,0.01967918872833252,,RightFoot,RegularPlay,FirstHalf,0,Trent,Alexander-Arnold,#d3171e,,4010129,-0.0000000000000002220446049250313,0.10106682605653594,0.38886850332575484
7,2477687753,Miss,8650,357880,Andrew Robertson,101.49138220450827,45.261908685725736,34,,0,0,,,38.452380954,1.60526315,0.07213962078094482,,LeftFoot,RegularPlay,FirstHalf,0,Andrew,Robertson,#d3171e,,4010129,0,0.36054038649991055,0.8489839569105302
9,2477689929,AttemptSaved,8650,963964,Harvey Elliott,81.35873786479999,46.032613599374265,41,,0,1,102.72413793119999,35.525000000000006,31.559999999999995,0.0834736838,0.024622172117233276,0.3134,LeftFoot,RegularPlay,FirstHalf,0,Harvey,Elliott,#d3171e,,4010129,1.6455026455026467,0.02208298513227513,1
10,2477690397,Goal,8650,292462,Mohamed Salah,89.80000305175781,39.04071364576755,42,,0,1,,,32.24625,0.8539999958000001,0.10095146298408508,0.5254,LeftFoot,RegularPlay,FirstHalf,0,Mohamed,Salah,#d3171e,,4010129,1.4639550264550256,0.22592592481481483,1
11,2477691277,Post,8650,950561,Darwin Nunez,100.82758476024587,38.03214157653511,44,,0,0,,,37.708,0.8154736802,0.5662429332733154,,LeftFoot,RegularPlay,FirstHalf,0,Darwin,Nunez,#d3171e,,4010129,0.019047619047619535,0.2157337778306878,1
12,2477692137,Miss,8650,209405,Virgil van Dijk,96.70175732977859,32.62750058174133,45,2,0,0,103.9568965518,57.24284359559999,65.24511848179999,1.0723157842,0.09285634756088257,,Header,FromCorner,FirstHalf,0,Virgil,van Dijk,#d3171e,,4010129,0,0.034319466089546585,0.1209788979421479
13,2477692183,Miss,8650,209405,Virgil van Dijk,96.9912265970607,31.7125,45,2,0,0,,,24.955625,0.8925263114,0.09737661480903625,,Header,FromCorner,FirstHalf,0,Virgil,van Dijk,#d3171e,,4010129,2,0.09868302800359337,0.4179393269297214
14,2477694391,Goal,8650,950561,Darwin Nunez,97.0877163528214,35.143750000000004,49,,0,1,,,30.72125,0.40452631380000004,0.09662744402885437,0.458,Header,FromCorner,SecondHalf,0,Darwin,Nunez,#d3171e,,4010129,1.8673941798941804,0.10701754333333334,1
15,2477695147,Goal,8650,963964,Harvey Elliott,98.05262863382141,23.018344487843564,52,,0,1,,,31.78875,2.1959999892,0.32333141565322876,0.3569,RightFoot,RegularPlay,SecondHalf,0,Harvey,Elliott,#d3171e,,4010129,1.5849867724867723,0.5809523780952381,1
16,2477697263,Miss,8650,209405,Virgil van Dijk,96.70175732977859,34.22874941825867,58,,0,0,,,42.061562499999994,2.509,0.07597380876541138,,Header,FromCorner,SecondHalf,0,Virgil,van Dijk,#d3171e,,4010129,0,0.31122998798309903,0.46889173159669767
18,2477699795,Miss,8650,292462,Mohamed Salah,87.53382189112412,23.9291719792,66,,0,0,,,41.888125,3.0118620704000003,0.05826178193092346,,LeftFoot,RegularPlay,SecondHalf,0,Mohamed,Salah,#d3171e,,4010129,0,0.38182230509785275,0.47920133111480856
21,2477702959,AttemptSaved,8650,1310118,Stefan Bajcetic,75.27718274953443,38.70452509346489,75,,0,1,103.6724137932,33.61875,34,0.160526315,0.02403503656387329,0.0199,RightFoot,RegularPlay,SecondHalf,0,Stefan,Bajcetic,#d3171e,,4010129,1,0.042467279100529096,1
0,2479056365,Miss,8650,292462,Mohamed Salah,103.95689799875413,48.554905525087136,1,,0,0,104.3362068966,36.5925,1.1806635078,0.7127368386,0.031022668,,LeftFoot,RegularPlay,FirstHalf,0,Mohamed,Salah,#d3171e,,3901069,2,0.021716978914835545,0.11517600305229735
2,2479058799,Miss,8650,209405,Virgil van Dijk,95.4473684198,37.659999418258664,6,,0,0,,,26.942142857,3.1335172432,0.03207704424858093,,Header,FromCorner,FirstHalf,0,Virgil,van Dijk,#d3171e,,3901069,2,0.44397572516862716,0.5355733225273642
4,2479061529,AttemptSaved,8650,242709,Roberto Firmino,101.30172269124587,41.77249955892563,13,,0,1,102.72413793119999,40.049285714999996,35.3725,0.8154736802,0.0919121503829956,0.201,RightFoot,RegularPlay,FirstHalf,0,Roberto,Firmino,#d3171e,,3901069,0.6369047619047613,0.2157337778306878,1
5,2479061769,Goal,8650,292462,Mohamed Salah,100.35344682924587,30.32799981689453,14,,0,1,,,32.856249999999996,0.4879999976,0.3546024560928345,0.1724,LeftFoot,FromCorner,FirstHalf,0,Mohamed,Salah,#d3171e,,3901069,1.3025793650793662,0.12910052846560846,1
11,2479076579,AttemptSaved,8650,292462,Mohamed Salah,85.38676306712412,36.2875,39,,0,1,101.206896552,34.1525,36.97375,0.6934736808,0.14856818318367004,0.2182,LeftFoot,RegularPlay,FirstHalf,0,Mohamed,Salah,#d3171e,,3901069,0.21329365079365015,0.18345864571428572,1
12,2479077495,Miss,8650,963964,Harvey Elliott,85.17206046087588,18.88458545505643,41,,0,0,,,39.797142858,4.940965524800001,0.02945035696029663,,LeftFoot,FromCorner,FirstHalf,0,Harvey,Elliott,#d3171e,,3901069,0.20539673618527488,0.6772486772486772,0.518117357255518
15,2479095871,Miss,8650,292462,Mohamed Salah,84.51213935933113,26.4009375,58,,0,0,,,49.0453503161,6.270482770400001,0.04430067539215088,,LeftFoot,RegularPlay,SecondHalf,0,Mohamed,Salah,#d3171e,,3901069,-0.0000000000000002220446049250313,0.4167721348229407,0.25124041119567886
18,2479096793,Miss,8650,950561,Darwin Nunez,77.64222957426887,18.88458545505643,60,,0,0,,,45.2619108239,0.0898947364,0.0287570059299469,,RightFoot,RegularPlay,SecondHalf,0,Darwin,Nunez,#d3171e,,3901069,0,0.00798219217019776,0.33564463962705976
19,2479097291,AttemptSaved,8650,933768,Curtis Jones,90.69999694824219,27.194284431535113,61,,1,1,92.4,28.454999999,36.2875,1.2199999940000001,0.048449695110321045,,LeftFoot,RegularPlay,SecondHalf,0,Curtis,Jones,#d3171e,,3901069,0.39484126984126955,0.32275132116402117,1
20,2479097333,AttemptSaved,8650,357880,Andrew Robertson,91.5,46.24280147501287,61,,0,1,102.629310345,36.05875,35.60125,1.1365263102,0.057951420545578,0.0708,LeftFoot,RegularPlay,SecondHalf,0,Andrew,Robertson,#d3171e,,3901069,0.5763888888888888,0.30066833603174603,1
22,2479100431,AttemptSaved,8650,950561,Darwin Nunez,94.38596638303929,41.425625441074374,67,,0,1,98.0526315785,38.536428573,32.856249999999996,0.28252631440000003,0.2118552327156067,0.4171,RightFoot,RegularPlay,SecondHalf,0,Darwin,Nunez,#d3171e,,3901069,1.3025793650793662,0.07474241121693122,1
23,2479101253,AttemptSaved,8650,292462,Mohamed Salah,88.39264869687588,21.196688168771782,68,,1,1,92.3,23.718980896300003,34.915000000000006,1.2199999940000001,0.027762144804000854,,LeftFoot,RegularPlay,SecondHalf,0,Mohamed,Salah,#d3171e,,3901069,0.7579365079365064,0.32275132116402117,1
24,2479101639,Miss,8650,950561,Darwin Nunez,96.50877045656071,31.026248836517333,69,,0,0,103.6724137932,42.7553125,51.147261145099996,0.0898947364,0.08577913045883179,,Header,FromCorner,SecondHalf,0,Darwin,Nunez,#d3171e,,3901069,0,0.005242512821103697,0.22044336806990156
25,2479101663,AttemptSaved,8650,156008,Jordan Henderson,103.76723848549173,43.79057217451287,69,,0,1,104.71551724140001,38.032142859000004,37.2025,0.0385263156,0.0641736090183258,0.2053,LeftFoot,FromCorner,SecondHalf,0,Jordan,Henderson,#d3171e,,3901069,0.15277777777777768,0.010192146984126984,1
26,2479102813,AttemptSaved,8650,292462,Mohamed Salah,94.28947662727859,31.559999418258663,71,,1,1,96.0263157884,31.941249999999997,33.92375,1.2199999940000001,0.08906334638595581,,LeftFoot,RegularPlay,SecondHalf,0,Mohamed,Salah,#d3171e,,3901069,1.0201719576719581,0.32275132116402117,1
27,2479107285,AttemptSaved,8650,950561,Darwin Nunez,83.6111650488,46.66318257172574,79,,0,1,102.629310345,36.5925,31.941249999999997,1.7079999916000002,0.04092216491699219,0.2699,RightFoot,RegularPlay,SecondHalf,0,Darwin,Nunez,#d3171e,,3901069,1.544642857142858,0.45185184962962965,1
29,2479109183,AttemptSaved,8650,242709,Roberto Firmino,91.80000305175781,28.623094595767558,82,,0,1,102.9137931036,32.6275,36.2875,0.20547368320000003,0.055479198694229126,0.2887,LeftFoot,RegularPlay,SecondHalf,0,Roberto,Firmino,#d3171e,,3901069,0.39484126984126955,0.05435811724867726,1
30,2479110657,AttemptSaved,8650,292462,Mohamed Salah,94,50.026242036300005,86,,0,1,102.3448275864,38.78857143,34.1525,0.0834736838,0.09166452288627625,0.0273,LeftFoot,RegularPlay,SecondHalf,0,Mohamed,Salah,#d3171e,,3901069,0.9596560846560838,0.02208298513227513,1
31,2479110981,AttemptSaved,8650,933768,Curtis Jones,90.5999984741211,48.2746496788,87,,1,1,96.2192982446,42.7553125,33.695,1.2199999940000001,0.015891194343566895,,LeftFoot,FromCorner,SecondHalf,0,Curtis,Jones,#d3171e,,3901069,1.0806878306878307,0.32275132116402117,1
32,2479111609,Miss,8650,568571,Joseph Gomez,95.4473684198,30.280000091552733,88,,0,0,96.9912280694,8.6581990572,0.655924171,0.1797894728,0.045145630836486816,,Header,FromCorner,SecondHalf,0,Joseph,Gomez,#d3171e,,3901069,2,0.005391946495144229,0.11336346580379532
33,2479111709,AttemptSaved,8650,242709,Roberto Firmino,96.8947368413,30.95,88,,0,1,103.8620689656,34.305,34.38125,0.44947368200000004,0.11500674486160278,0.0332,Header,RegularPlay,SecondHalf,0,Roberto,Firmino,#d3171e,,3901069,0.8991402116402113,0.11890838148148149,1
35,2479114965,Miss,8650,156008,Jordan Henderson,77.9800970888,47.2236942643,90,5,0,0,,,29.967857141,5.5492413888000005,0.02915099263191223,,RightFoot,RegularPlay,SecondHalf,0,Jordan,Henderson,#d3171e,,3901069,1.4920967077134066,0.6772486772486772,0.46132431816118724
